{"cardunlock":{"tfan":true,"grimoire":true,"clock":true,"crod":true,"gourd":true},"difficulty_select":2,"deck":[{"tfan":4,"grimoire":4,"clock":4,"crod":4,"gourd":4}],"spell_card_hist":{"All":{"Suddenly Powerful \"ElectroFeedback\"":{"All":[0,1]},"Eleventh Curse \"Precursor of Kaiser\"":{"All":[0,1]},"Jeweled Treasure \"Event Horizon\"":{"All":[0,1]},"dfdre":{"All":[0,350]},"dfd":{"All":[0,7]},"Cursed \"Cursed Nachos\"":{"All":[0,86]},"dfdree":{"All":[0,2]},"System \"Me and the OoMF-ies\"":{"All":[0,1]},"Explosive Bikini \"Sponge Homeland\"":{"All":[0,6]},"Curse \"Cursed Nachos\"":{"All":[0,244]}}},"player_select":1,"hiscore":{"Test@reimu_player":15920,"SC Debugger@SC Debugger@nil":37069007406300,"CARDDEBUG@CARDDEBUG@nil":413000000000}}