{
    "keysys": {
        "repslow": 1073742049,
        "snapshot": 1073741898,
        "retry": 114,
        "menu": 27,
        "repfast": 1073742048
    },
    "username": "User",
    "windowed": true,
    "locale": "en_us",
    "resy": 720,
    "vsync": false,
    "sevolume": 30,
    "bgmvolume": 0,
    "mod": "bha9",
    "keys2": {
        "right": 1073741915,
        "slow": 97,
        "shoot": 115,
        "up": 1073741917,
        "special": 102,
        "spell": 100,
        "down": 1073741914,
        "left": 1073741913
    },
    "keys": {
        "right": 1073741903,
        "slow": 1073742049,
        "shoot": 122,
        "up": 1073741906,
        "special": 99,
        "spell": 120,
        "down": 1073741905,
        "left": 1073741904
    },
    "timezone": 8,
    "resx": 960,
    "last_mod": "bha9"
}