{
    "windowed": true,
    "resx": 640,
    "locale": "en_us",
    "vsync": false,
    "sevolume": 100,
    "last_mod": "hello-world",
    "keys2": {
        "spell": 100,
        "special": 102,
        "up": 1073741917,
        "down": 1073741914,
        "left": 1073741913,
        "right": 1073741915,
        "slow": 97,
        "shoot": 115
    },
    "keysys": {
        "snapshot": 1073741898,
        "repfast": 1073742048,
        "repslow": 1073742049,
        "menu": 27,
        "retry": 114
    },
    "username": "User",
    "bgmvolume": 100,
    "resy": 480,
    "mod": "hello-world",
    "keys": {
        "spell": 120,
        "special": 99,
        "up": 1073741906,
        "down": 1073741905,
        "left": 1073741904,
        "right": 1073741903,
        "slow": 1073742049,
        "shoot": 122
    },
    "timezone": 8
}